Timestamp,Total
2023-10-10 00:00,39
2023-10-10 00:15,55
2023-10-10 00:30,55
2023-10-10 00:45,58
2023-10-10 01:00,94
2023-10-10 01:15,53
2023-10-10 01:30,42
2023-10-10 01:45,55
2023-10-10 02:00,67
2023-10-10 02:15,45
2023-10-10 02:30,47
2023-10-10 02:45,49
2023-10-10 03:00,53
2023-10-10 03:15,42
2023-10-10 03:30,194
2023-10-10 03:45,209
2023-10-10 04:00,162
2023-10-10 04:15,104
2023-10-10 04:30,112
2023-10-10 04:45,144
2023-10-10 05:00,129
2023-10-10 05:15,111
2023-10-10 05:30,84
2023-10-10 05:45,84
2023-10-10 06:00,194
2023-10-10 06:15,209
2023-10-10 06:30,162
2023-10-10 06:45,196
2023-10-10 07:00,189
2023-10-10 07:15,195
2023-10-10 07:30,177
2023-10-10 07:45,149
2023-10-10 08:00,184
2023-10-10 08:15,186
2023-10-10 08:30,212
2023-10-10 08:45,168
2023-10-10 09:00,170
2023-10-10 09:15,161
2023-10-10 09:30,89
2023-10-10 09:45,113
2023-10-10 10:00,134
2023-10-10 10:15,109
2023-10-10 10:30,109
2023-10-10 10:45,101
2023-10-10 11:00,75
2023-10-10 11:15,109
2023-10-10 11:30,109
2023-10-10 11:45,91
2023-10-10 12:00,78
2023-10-10 12:15,106
2023-10-10 12:30,50
2023-10-10 12:45,70
2023-10-10 13:00,96
2023-10-10 13:15,148
2023-10-10 13:30,148
2023-10-10 13:45,129
2023-10-10 14:00,164
2023-10-10 14:15,80
2023-10-10 14:30,170
2023-10-10 14:45,66
2023-10-10 15:00,100
2023-10-10 15:15,120
2023-10-10 15:30,150
2023-10-10 15:45,149
2023-10-10 16:00,214
2023-10-10 16:15,178
2023-10-10 16:30,209
2023-10-10 16:45,172
2023-10-10 17:00,226
2023-10-10 17:15,190
2023-10-10 17:30,195
2023-10-10 17:45,212
2023-10-10 18:00,205
2023-10-10 18:15,170
2023-10-10 18:30,150
2023-10-10 18:45,128
2023-10-10 19:00,125
2023-10-10 19:15,160
2023-10-10 19:30,121
2023-10-10 19:45,98
2023-10-10 20:00,143
2023-10-10 20:15,107
2023-10-10 20:30,125
2023-10-10 20:45,133
2023-10-10 21:00,126
2023-10-10 21:15,133
2023-10-10 21:30,123
2023-10-10 21:45,104
2023-10-10 22:00,33
2023-10-10 22:15,35
2023-10-10 22:30,51
2023-10-10 22:45,41
2023-10-10 23:00,34
2023-10-10 23:15,27
2023-10-10 23:30,48
2023-10-10 23:45,41
2023-10-11 00:00,32
2023-10-11 00:15,47
2023-10-11 00:30,31
2023-10-11 00:45,34
2023-10-11 01:00,52
2023-10-11 01:15,39
2023-10-11 01:30,43
2023-10-11 01:45,33
2023-10-11 02:00,57
2023-10-11 02:15,29
2023-10-11 02:30,46
2023-10-11 02:45,33
2023-10-11 03:00,45
2023-10-11 03:15,57
2023-10-11 03:30,50
2023-10-11 03:45,54
2023-10-11 04:00,61
2023-10-11 04:15,116
2023-10-11 04:30,145
2023-10-11 04:45,133
2023-10-11 05:00,125
2023-10-11 05:15,122
2023-10-11 05:30,128
2023-10-11 05:45,121
2023-10-11 06:00,166
2023-10-11 06:15,216
2023-10-11 06:30,197
2023-10-11 06:45,173
2023-10-11 07:00,189
2023-10-11 07:15,212
2023-10-11 07:30,214
2023-10-11 07:45,186
2023-10-11 08:00,208
2023-10-11 08:15,207
2023-10-11 08:30,201
2023-10-11 08:45,167
2023-10-11 09:00,189
2023-10-11 09:15,102
2023-10-11 09:30,122
2023-10-11 09:45,96
2023-10-11 10:00,72
2023-10-11 10:15,130
2023-10-11 10:30,146
2023-10-11 10:45,121
2023-10-11 11:00,91
2023-10-11 11:15,85
2023-10-11 11:30,97
2023-10-11 11:45,92
2023-10-11 12:00,95
2023-10-11 12:15,89
2023-10-11 12:30,92
2023-10-11 12:45,93
2023-10-11 13:00,92
2023-10-11 13:15,166
2023-10-11 13:30,75
2023-10-11 13:45,129
2023-10-11 14:00,106
2023-10-11 14:15,118
2023-10-11 14:30,152
2023-10-11 14:45,118
2023-10-11 15:00,87
2023-10-11 15:15,152
2023-10-11 15:30,181
2023-10-11 15:45,139
2023-10-11 16:00,207
2023-10-11 16:15,152
2023-10-11 16:30,200
2023-10-11 16:45,166
2023-10-11 17:00,188
2023-10-11 17:15,182
2023-10-11 17:30,189
2023-10-11 17:45,190
2023-10-11 18:00,167
2023-10-11 18:15,179
2023-10-11 18:30,201
2023-10-11 18:45,146
2023-10-11 19:00,147
2023-10-11 19:15,87
2023-10-11 19:30,139
2023-10-11 19:45,176
2023-10-11 20:00,135
2023-10-11 20:15,103
2023-10-11 20:30,120
2023-10-11 20:45,130
2023-10-11 21:00,166
2023-10-11 21:15,139
2023-10-11 21:30,151
2023-10-11 21:45,145
2023-10-11 22:00,38
2023-10-11 22:15,35
2023-10-11 22:30,46
2023-10-11 22:45,36
2023-10-11 23:00,44
2023-10-11 23:15,31
2023-10-11 23:30,50
2023-10-11 23:45,63
2023-10-12 00:00,59
2023-10-12 00:15,52
2023-10-12 00:30,37
2023-10-12 00:45,57
2023-10-12 01:00,31
2023-10-12 01:15,34
2023-10-12 01:30,36
2023-10-12 01:45,36
2023-10-12 02:00,54
2023-10-12 02:15,43
2023-10-12 02:30,41
2023-10-12 02:45,45
2023-10-12 03:00,51
2023-10-12 03:15,33
2023-10-12 03:30,48
2023-10-12 03:45,53
2023-10-12 04:00,54
2023-10-12 04:15,95
2023-10-12 04:30,81
2023-10-12 04:45,166
2023-10-12 05:00,125
2023-10-12 05:15,150
2023-10-12 05:30,139
2023-10-12 05:45,152
2023-10-12 06:00,210
2023-10-12 06:15,182
2023-10-12 06:30,161
2023-10-12 06:45,192
2023-10-12 07:00,204
2023-10-12 07:15,176
2023-10-12 07:30,178
2023-10-12 07:45,200
2023-10-12 08:00,202
2023-10-12 08:15,168
2023-10-12 08:30,157
2023-10-12 08:45,173
2023-10-12 09:00,212
2023-10-12 09:15,97
2023-10-12 09:30,74
2023-10-12 09:45,70
2023-10-12 10:00,93
2023-10-12 10:15,130
2023-10-12 10:30,87
2023-10-12 10:45,75
2023-10-12 11:00,100
2023-10-12 11:15,109
2023-10-12 11:30,106
2023-10-12 11:45,60
2023-10-12 12:00,76
2023-10-12 12:15,96
2023-10-12 12:30,106
2023-10-12 12:45,114
2023-10-12 13:00,89
2023-10-12 13:15,110
2023-10-12 13:30,60
2023-10-12 13:45,111
2023-10-12 14:00,103
2023-10-12 14:15,134
2023-10-12 14:30,84
2023-10-12 14:45,187
2023-10-12 15:00,132
2023-10-12 15:15,168
2023-10-12 15:30,63
2023-10-12 15:45,95
2023-10-12 16:00,194
2023-10-12 16:15,211
2023-10-12 16:30,182
2023-10-12 16:45,178
2023-10-12 17:00,159
2023-10-12 17:15,192
2023-10-12 17:30,182
2023-10-12 17:45,175
2023-10-12 18:00,178
2023-10-12 18:15,170
2023-10-12 18:30,210
2023-10-12 18:45,173
2023-10-12 19:00,112
2023-10-12 19:15,155
2023-10-12 19:30,129
2023-10-12 19:45,92
2023-10-12 20:00,103
2023-10-12 20:15,134
2023-10-12 20:30,91
2023-10-12 20:45,120
2023-10-12 21:00,150
2023-10-12 21:15,111
2023-10-12 21:30,97
2023-10-12 21:45,128
2023-10-12 22:00,49
2023-10-12 22:15,62
2023-10-12 22:30,47
2023-10-12 22:45,36
2023-10-12 23:00,39
2023-10-12 23:15,43
2023-10-12 23:30,50
2023-10-12 23:45,52
2023-10-13 00:00,38
2023-10-13 00:15,44
2023-10-13 00:30,38
2023-10-13 00:45,25
2023-10-13 01:00,37
2023-10-13 01:15,46
2023-10-13 01:30,49
2023-10-13 01:45,40
2023-10-13 02:00,59
2023-10-13 02:15,30
2023-10-13 02:30,34
2023-10-13 02:45,46
2023-10-13 03:00,32
2023-10-13 03:15,43
2023-10-13 03:30,54
2023-10-13 03:45,36
2023-10-13 04:00,38
2023-10-13 04:15,45
2023-10-13 04:30,63
2023-10-13 04:45,86
2023-10-13 05:00,90
2023-10-13 05:15,85
2023-10-13 05:30,91
2023-10-13 05:45,98
2023-10-13 06:00,97
2023-10-13 06:15,61
2023-10-13 06:30,48
2023-10-13 06:45,55
2023-10-13 07:00,85
2023-10-13 07:15,56
2023-10-13 07:30,52
2023-10-13 07:45,88
2023-10-13 08:00,71
2023-10-13 08:15,115
2023-10-13 08:30,71
2023-10-13 08:45,83
2023-10-13 09:00,83
2023-10-13 09:15,204
2023-10-13 09:30,198
2023-10-13 09:45,260
2023-10-13 10:00,197
2023-10-13 10:15,249
2023-10-13 10:30,240
2023-10-13 10:45,278
2023-10-13 11:00,262
2023-10-13 11:15,216
2023-10-13 11:30,216
2023-10-13 11:45,255
2023-10-13 12:00,232
2023-10-13 12:15,229
2023-10-13 12:30,228
2023-10-13 12:45,272
2023-10-13 13:00,226
2023-10-13 13:15,213
2023-10-13 13:30,260
2023-10-13 13:45,256
2023-10-13 14:00,235
2023-10-13 14:15,257
2023-10-13 14:30,240
2023-10-13 14:45,229
2023-10-13 15:00,239
2023-10-13 15:15,92
2023-10-13 15:30,139
2023-10-13 15:45,119
2023-10-13 16:00,104
2023-10-13 16:15,91
2023-10-13 16:30,104
2023-10-13 16:45,113
2023-10-13 17:00,97
2023-10-13 17:15,109
2023-10-13 17:30,124
2023-10-13 17:45,120
2023-10-13 18:00,114
2023-10-13 18:15,103
2023-10-13 18:30,97
2023-10-13 18:45,92
2023-10-13 19:00,123
2023-10-13 19:15,59
2023-10-13 19:30,56
2023-10-13 19:45,55
2023-10-13 20:00,63
2023-10-13 20:15,41
2023-10-13 20:30,32
2023-10-13 20:45,42
2023-10-13 21:00,64
2023-10-13 21:15,37
2023-10-13 21:30,43
2023-10-13 21:45,43
2023-10-13 22:00,38
2023-10-13 22:15,28
2023-10-13 22:30,30
2023-10-13 22:45,39
2023-10-13 23:00,51
2023-10-13 23:15,39
2023-10-13 23:30,34
2023-10-13 23:45,41
2023-10-14 00:00,55
2023-10-14 00:15,52
2023-10-14 00:30,34
2023-10-14 00:45,58
2023-10-14 01:00,36
2023-10-14 01:15,39
2023-10-14 01:30,49
2023-10-14 01:45,44
2023-10-14 02:00,34
2023-10-14 02:15,35
2023-10-14 02:30,29
2023-10-14 02:45,36
2023-10-14 03:00,54
2023-10-14 03:15,51
2023-10-14 03:30,49
2023-10-14 03:45,58
2023-10-14 04:00,35
2023-10-14 04:15,78
2023-10-14 04:30,102
2023-10-14 04:45,126
2023-10-14 05:00,122
2023-10-14 05:15,135
2023-10-14 05:30,130
2023-10-14 05:45,167
2023-10-14 06:00,157
2023-10-14 06:15,187
2023-10-14 06:30,197
2023-10-14 06:45,186
2023-10-14 07:00,192
2023-10-14 07:15,213
2023-10-14 07:30,166
2023-10-14 07:45,186
2023-10-14 08:00,217
2023-10-14 08:15,199
2023-10-14 08:30,163
2023-10-14 08:45,203
2023-10-14 09:00,178
2023-10-14 09:15,60
2023-10-14 09:30,70
2023-10-14 09:45,89
2023-10-14 10:00,85
2023-10-14 10:15,65
2023-10-14 10:30,87
2023-10-14 10:45,53
2023-10-14 11:00,95
2023-10-14 11:15,100
2023-10-14 11:30,95
2023-10-14 11:45,95
2023-10-14 12:00,88
2023-10-14 12:15,82
2023-10-14 12:30,77
2023-10-14 12:45,74
2023-10-14 13:00,110
2023-10-14 13:15,108
2023-10-14 13:30,190
2023-10-14 13:45,111
2023-10-14 14:00,146
2023-10-14 14:15,142
2023-10-14 14:30,86
2023-10-14 14:45,122
2023-10-14 15:00,70
2023-10-14 15:15,145
2023-10-14 15:30,63
2023-10-14 15:45,127
2023-10-14 16:00,155
2023-10-14 16:15,207
2023-10-14 16:30,197
2023-10-14 16:45,178
2023-10-14 17:00,226
2023-10-14 17:15,210
2023-10-14 17:30,223
2023-10-14 17:45,194
2023-10-14 18:00,194
2023-10-14 18:15,189
2023-10-14 18:30,168
2023-10-14 18:45,157
2023-10-14 19:00,103
2023-10-14 19:15,144
2023-10-14 19:30,126
2023-10-14 19:45,87
2023-10-14 20:00,95
2023-10-14 20:15,106
2023-10-14 20:30,113
2023-10-14 20:45,162
2023-10-14 21:00,149
2023-10-14 21:15,133
2023-10-14 21:30,106
2023-10-14 21:45,126
2023-10-14 22:00,44
2023-10-14 22:15,56
2023-10-14 22:30,36
2023-10-14 22:45,39
2023-10-14 23:00,31
2023-10-14 23:15,42
2023-10-14 23:30,32
2023-10-14 23:45,55
2023-10-15 00:00,43
2023-10-15 00:15,60
2023-10-15 00:30,26
2023-10-15 00:45,59
2023-10-15 01:00,46
2023-10-15 01:15,38
2023-10-15 01:30,51
2023-10-15 01:45,50
2023-10-15 02:00,52
2023-10-15 02:15,35
2023-10-15 02:30,42
2023-10-15 02:45,24
2023-10-15 03:00,41
2023-10-15 03:15,49
2023-10-15 03:30,61
2023-10-15 03:45,50
2023-10-15 04:00,50
2023-10-15 04:15,104
2023-10-15 04:30,108
2023-10-15 04:45,131
2023-10-15 05:00,94
2023-10-15 05:15,92
2023-10-15 05:30,103
2023-10-15 05:45,124
2023-10-15 06:00,172
2023-10-15 06:15,187
2023-10-15 06:30,210
2023-10-15 06:45,162
2023-10-15 07:00,146
2023-10-15 07:15,198
2023-10-15 07:30,185
2023-10-15 07:45,186
2023-10-15 08:00,196
2023-10-15 08:15,182
2023-10-15 08:30,160
2023-10-15 08:45,191
2023-10-15 09:00,199
2023-10-15 09:15,125
2023-10-15 09:30,111
2023-10-15 09:45,66
2023-10-15 10:00,150
2023-10-15 10:15,103
2023-10-15 10:30,72
2023-10-15 10:45,94
2023-10-15 11:00,81
2023-10-15 11:15,74
2023-10-15 11:30,81
2023-10-15 11:45,100
2023-10-15 12:00,105
2023-10-15 12:15,101
2023-10-15 12:30,94
2023-10-15 12:45,66
2023-10-15 13:00,80
2023-10-15 13:15,177
2023-10-15 13:30,110
2023-10-15 13:45,96
2023-10-15 14:00,118
2023-10-15 14:15,97
2023-10-15 14:30,166
2023-10-15 14:45,90
2023-10-15 15:00,146
2023-10-15 15:15,70
2023-10-15 15:30,61
2023-10-15 15:45,86
2023-10-15 16:00,203
2023-10-15 16:15,195
2023-10-15 16:30,195
2023-10-15 16:45,171
2023-10-15 17:00,202
2023-10-15 17:15,214
2023-10-15 17:30,185
2023-10-15 17:45,215
2023-10-15 18:00,218
2023-10-15 18:15,171
2023-10-15 18:30,211
2023-10-15 18:45,130
2023-10-15 19:00,165
2023-10-15 19:15,146
2023-10-15 19:30,163
2023-10-15 19:45,125
2023-10-15 20:00,107
2023-10-15 20:15,143
2023-10-15 20:30,127
2023-10-15 20:45,107
2023-10-15 21:00,148
2023-10-15 21:15,152
2023-10-15 21:30,166
2023-10-15 21:45,136
2023-10-15 22:00,39
2023-10-15 22:15,50
2023-10-15 22:30,44
2023-10-15 22:45,41
2023-10-15 23:00,42
2023-10-15 23:15,32
2023-10-15 23:30,43
2023-10-15 23:45,23
2023-10-16 00:00,51
2023-10-16 00:15,42
2023-10-16 00:30,53
2023-10-16 00:45,55
2023-10-16 01:00,56
2023-10-16 01:15,47
2023-10-16 01:30,35
2023-10-16 01:45,40
2023-10-16 02:00,48
2023-10-16 02:15,33
2023-10-16 02:30,66
2023-10-16 02:45,53
2023-10-16 03:00,49
2023-10-16 03:15,46
2023-10-16 03:30,37
2023-10-16 03:45,53
2023-10-16 04:00,51
2023-10-16 04:15,87
2023-10-16 04:30,107
2023-10-16 04:45,105
2023-10-16 05:00,147
2023-10-16 05:15,149
2023-10-16 05:30,101
2023-10-16 05:45,122
2023-10-16 06:00,196
2023-10-16 06:15,199
2023-10-16 06:30,201
2023-10-16 06:45,173
2023-10-16 07:00,165
2023-10-16 07:15,213
2023-10-16 07:30,148
2023-10-16 07:45,141
2023-10-16 08:00,203
2023-10-16 08:15,152
2023-10-16 08:30,171
2023-10-16 08:45,178
2023-10-16 09:00,173
2023-10-16 09:15,132
2023-10-16 09:30,147
2023-10-16 09:45,96
2023-10-16 10:00,57
2023-10-16 10:15,68
2023-10-16 10:30,79
2023-10-16 10:45,36
2023-10-16 11:00,98
2023-10-16 11:15,70
2023-10-16 11:30,86
2023-10-16 11:45,87
2023-10-16 12:00,110
2023-10-16 12:15,97
2023-10-16 12:30,114
2023-10-16 12:45,77
2023-10-16 13:00,109
2023-10-16 13:15,116
2023-10-16 13:30,51
2023-10-16 13:45,137
2023-10-16 14:00,95
2023-10-16 14:15,54
2023-10-16 14:30,167
2023-10-16 14:45,129
2023-10-16 15:00,103
2023-10-16 15:15,140
2023-10-16 15:30,96
2023-10-16 15:45,127
2023-10-16 16:00,191
2023-10-16 16:15,204
2023-10-16 16:30,177
2023-10-16 16:45,210
2023-10-16 17:00,186
2023-10-16 17:15,151
2023-10-16 17:30,195
2023-10-16 17:45,207
2023-10-16 18:00,165
2023-10-16 18:15,190
2023-10-16 18:30,141
2023-10-16 18:45,188
2023-10-16 19:00,154
2023-10-16 19:15,136
2023-10-16 19:30,164
2023-10-16 19:45,120
2023-10-16 20:00,138
2023-10-16 20:15,125
2023-10-16 20:30,149
2023-10-16 20:45,133
2023-10-16 21:00,137
2023-10-16 21:15,96
2023-10-16 21:30,93
2023-10-16 21:45,146
2023-10-16 22:00,53
2023-10-16 22:15,24
2023-10-16 22:30,47
2023-10-16 22:45,31
2023-10-16 23:00,41
2023-10-16 23:15,33
2023-10-16 23:30,37
2023-10-16 23:45,27
2023-10-17 00:00,42
2023-10-17 00:15,35
2023-10-17 00:30,33
2023-10-17 00:45,53
2023-10-17 01:00,43
2023-10-17 01:15,51
2023-10-17 01:30,56
2023-10-17 01:45,37
2023-10-17 02:00,35
2023-10-17 02:15,37
2023-10-17 02:30,39
2023-10-17 02:45,48
2023-10-17 03:00,30
2023-10-17 03:15,45
2023-10-17 03:30,41
2023-10-17 03:45,42
2023-10-17 04:00,52
2023-10-17 04:15,104
2023-10-17 04:30,79
2023-10-17 04:45,116
2023-10-17 05:00,120
2023-10-17 05:15,87
2023-10-17 05:30,126
2023-10-17 05:45,146
2023-10-17 06:00,159
2023-10-17 06:15,188
2023-10-17 06:30,207
2023-10-17 06:45,216
2023-10-17 07:00,157
2023-10-17 07:15,178
2023-10-17 07:30,178
2023-10-17 07:45,214
2023-10-17 08:00,189
2023-10-17 08:15,195
2023-10-17 08:30,164
2023-10-17 08:45,177
2023-10-17 09:00,184
2023-10-17 09:15,117
2023-10-17 09:30,97
2023-10-17 09:45,133
2023-10-17 10:00,141
2023-10-17 10:15,125
2023-10-17 10:30,71
2023-10-17 10:45,48
2023-10-17 11:00,74
2023-10-17 11:15,78
2023-10-17 11:30,101
2023-10-17 11:45,56
2023-10-17 12:00,93
2023-10-17 12:15,79
2023-10-17 12:30,104
2023-10-17 12:45,75
2023-10-17 13:00,64
2023-10-17 13:15,48
2023-10-17 13:30,50
2023-10-17 13:45,123
2023-10-17 14:00,128
2023-10-17 14:15,73
2023-10-17 14:30,106
2023-10-17 14:45,96
2023-10-17 15:00,179
2023-10-17 15:15,174
2023-10-17 15:30,163
2023-10-17 15:45,134
2023-10-17 16:00,223
2023-10-17 16:15,182
2023-10-17 16:30,185
2023-10-17 16:45,175
2023-10-17 17:00,203
2023-10-17 17:15,161
2023-10-17 17:30,153
2023-10-17 17:45,200
2023-10-17 18:00,197
2023-10-17 18:15,204
2023-10-17 18:30,184
2023-10-17 18:45,170
2023-10-17 19:00,136
2023-10-17 19:15,107
2023-10-17 19:30,117
2023-10-17 19:45,117
2023-10-17 20:00,115
2023-10-17 20:15,131
2023-10-17 20:30,104
2023-10-17 20:45,113
2023-10-17 21:00,133
2023-10-17 21:15,123
2023-10-17 21:30,140
2023-10-17 21:45,107
2023-10-17 22:00,38
2023-10-17 22:15,51
2023-10-17 22:30,46
2023-10-17 22:45,42
2023-10-17 23:00,45
2023-10-17 23:15,40
2023-10-17 23:30,47
2023-10-17 23:45,60
2023-10-18 00:00,53
2023-10-18 00:15,53
2023-10-18 00:30,35
2023-10-18 00:45,44
2023-10-18 01:00,41
2023-10-18 01:15,51
2023-10-18 01:30,52
2023-10-18 01:45,53
2023-10-18 02:00,53
2023-10-18 02:15,55
2023-10-18 02:30,35
2023-10-18 02:45,44
2023-10-18 03:00,53
2023-10-18 03:15,36
2023-10-18 03:30,59
2023-10-18 03:45,37
2023-10-18 04:00,54
2023-10-18 04:15,141
2023-10-18 04:30,116
2023-10-18 04:45,137
2023-10-18 05:00,129
2023-10-18 05:15,129
2023-10-18 05:30,136
2023-10-18 05:45,73
2023-10-18 06:00,189
2023-10-18 06:15,211
2023-10-18 06:30,194
2023-10-18 06:45,161
2023-10-18 07:00,182
2023-10-18 07:15,172
2023-10-18 07:30,216
2023-10-18 07:45,207
2023-10-18 08:00,217
2023-10-18 08:15,196
2023-10-18 08:30,155
2023-10-18 08:45,192
2023-10-18 09:00,189
2023-10-18 09:15,110
2023-10-18 09:30,116
2023-10-18 09:45,108
2023-10-18 10:00,109
2023-10-18 10:15,122
2023-10-18 10:30,90
2023-10-18 10:45,81
2023-10-18 11:00,86
2023-10-18 11:15,65
2023-10-18 11:30,67
2023-10-18 11:45,89
2023-10-18 12:00,72
2023-10-18 12:15,109
2023-10-18 12:30,62
2023-10-18 12:45,83
2023-10-18 13:00,86
2023-10-18 13:15,96
2023-10-18 13:30,164
2023-10-18 13:45,166
2023-10-18 14:00,159
2023-10-18 14:15,93
2023-10-18 14:30,172
2023-10-18 14:45,145
2023-10-18 15:00,53
2023-10-18 15:15,150
2023-10-18 15:30,147
2023-10-18 15:45,88
2023-10-18 16:00,176
2023-10-18 16:15,215
2023-10-18 16:30,192
2023-10-18 16:45,223
2023-10-18 17:00,167
2023-10-18 17:15,172
2023-10-18 17:30,203
2023-10-18 17:45,175
2023-10-18 18:00,214
2023-10-18 18:15,174
2023-10-18 18:30,171
2023-10-18 18:45,158
2023-10-18 19:00,139
2023-10-18 19:15,102
2023-10-18 19:30,130
2023-10-18 19:45,165
2023-10-18 20:00,135
2023-10-18 20:15,151
2023-10-18 20:30,176
2023-10-18 20:45,102
2023-10-18 21:00,116
2023-10-18 21:15,115
2023-10-18 21:30,141
2023-10-18 21:45,168
2023-10-18 22:00,53
2023-10-18 22:15,46
2023-10-18 22:30,41
2023-10-18 22:45,59
2023-10-18 23:00,48
2023-10-18 23:15,33
2023-10-18 23:30,54
2023-10-18 23:45,43
2023-10-19 00:00,30
2023-10-19 00:15,35
2023-10-19 00:30,46
2023-10-19 00:45,31
2023-10-19 01:00,34
2023-10-19 01:15,41
2023-10-19 01:30,40
2023-10-19 01:45,42
2023-10-19 02:00,40
2023-10-19 02:15,59
2023-10-19 02:30,44
2023-10-19 02:45,33
2023-10-19 03:00,29
2023-10-19 03:15,47
2023-10-19 03:30,42
2023-10-19 03:45,26
2023-10-19 04:00,36
2023-10-19 04:15,154
2023-10-19 04:30,147
2023-10-19 04:45,133
2023-10-19 05:00,101
2023-10-19 05:15,127
2023-10-19 05:30,105
2023-10-19 05:45,144
2023-10-19 06:00,166
2023-10-19 06:15,154
2023-10-19 06:30,194
2023-10-19 06:45,206
2023-10-19 07:00,204
2023-10-19 07:15,209
2023-10-19 07:30,202
2023-10-19 07:45,202
2023-10-19 08:00,193
2023-10-19 08:15,208
2023-10-19 08:30,206
2023-10-19 08:45,217
2023-10-19 09:00,170
2023-10-19 09:15,98
2023-10-19 09:30,124
2023-10-19 09:45,160
2023-10-19 10:00,31
2023-10-19 10:15,150
2023-10-19 10:30,74
2023-10-19 10:45,129
2023-10-19 11:00,107
2023-10-19 11:15,85
2023-10-19 11:30,86
2023-10-19 11:45,102
2023-10-19 12:00,104
2023-10-19 12:15,83
2023-10-19 12:30,106
2023-10-19 12:45,79
2023-10-19 13:00,93
2023-10-19 13:15,84
2023-10-19 13:30,60
2023-10-19 13:45,166
2023-10-19 14:00,90
2023-10-19 14:15,127
2023-10-19 14:30,91
2023-10-19 14:45,77
2023-10-19 15:00,76
2023-10-19 15:15,160
2023-10-19 15:30,117
2023-10-19 15:45,64
2023-10-19 16:00,199
2023-10-19 16:15,178
2023-10-19 16:30,183
2023-10-19 16:45,194
2023-10-19 17:00,204
2023-10-19 17:15,205
2023-10-19 17:30,198
2023-10-19 17:45,165
2023-10-19 18:00,187
2023-10-19 18:15,211
2023-10-19 18:30,209
2023-10-19 18:45,88
2023-10-19 19:00,136
2023-10-19 19:15,117
2023-10-19 19:30,146
2023-10-19 19:45,129
2023-10-19 20:00,142
2023-10-19 20:15,107
2023-10-19 20:30,159
2023-10-19 20:45,105
2023-10-19 21:00,123
2023-10-19 21:15,153
2023-10-19 21:30,144
2023-10-19 21:45,136
2023-10-19 22:00,29
2023-10-19 22:15,46
2023-10-19 22:30,35
2023-10-19 22:45,52
2023-10-19 23:00,49
2023-10-19 23:15,33
2023-10-19 23:30,36
2023-10-19 23:45,36
2023-10-20 00:00,59
2023-10-20 00:15,31
2023-10-20 00:30,33
2023-10-20 00:45,32
2023-10-20 01:00,45
2023-10-20 01:15,54
2023-10-20 01:30,40
2023-10-20 01:45,32
2023-10-20 02:00,46
2023-10-20 02:15,33
2023-10-20 02:30,47
2023-10-20 02:45,52
2023-10-20 03:00,55
2023-10-20 03:15,54
2023-10-20 03:30,54
2023-10-20 03:45,36
2023-10-20 04:00,51
2023-10-20 04:15,83
2023-10-20 04:30,58
2023-10-20 04:45,105
2023-10-20 05:00,97
2023-10-20 05:15,50
2023-10-20 05:30,55
2023-10-20 05:45,91
2023-10-20 06:00,79
2023-10-20 06:15,62
2023-10-20 06:30,54
2023-10-20 06:45,92
2023-10-20 07:00,89
2023-10-20 07:15,53
2023-10-20 07:30,92
2023-10-20 07:45,81
2023-10-20 08:00,87
2023-10-20 08:15,91
2023-10-20 08:30,87
2023-10-20 08:45,86
2023-10-20 09:00,78
2023-10-20 09:15,217
2023-10-20 09:30,252
2023-10-20 09:45,207
2023-10-20 10:00,252
2023-10-20 10:15,249
2023-10-20 10:30,245
2023-10-20 10:45,249
2023-10-20 11:00,235
2023-10-20 11:15,230
2023-10-20 11:30,231
2023-10-20 11:45,244
2023-10-20 12:00,247
2023-10-20 12:15,248
2023-10-20 12:30,251
2023-10-20 12:45,224
2023-10-20 13:00,226
2023-10-20 13:15,221
2023-10-20 13:30,237
2023-10-20 13:45,252
2023-10-20 14:00,232
2023-10-20 14:15,256
2023-10-20 14:30,233
2023-10-20 14:45,214
2023-10-20 15:00,237
2023-10-20 15:15,120
2023-10-20 15:30,106
2023-10-20 15:45,128
2023-10-20 16:00,115
2023-10-20 16:15,113
2023-10-20 16:30,115
2023-10-20 16:45,86
2023-10-20 17:00,88
2023-10-20 17:15,107
2023-10-20 17:30,114
2023-10-20 17:45,94
2023-10-20 18:00,117
2023-10-20 18:15,99
2023-10-20 18:30,128
2023-10-20 18:45,87
2023-10-20 19:00,84
2023-10-20 19:15,56
2023-10-20 19:30,59
2023-10-20 19:45,37
2023-10-20 20:00,32
2023-10-20 20:15,56
2023-10-20 20:30,36
2023-10-20 20:45,64
2023-10-20 21:00,52
2023-10-20 21:15,69
2023-10-20 21:30,37
2023-10-20 21:45,43
2023-10-20 22:00,31
2023-10-20 22:15,47
2023-10-20 22:30,57
2023-10-20 22:45,30
2023-10-20 23:00,34
2023-10-20 23:15,48
2023-10-20 23:30,35
2023-10-20 23:45,39
2023-10-21 00:00,55
2023-10-21 00:15,46
2023-10-21 00:30,33
2023-10-21 00:45,43
2023-10-21 01:00,38
2023-10-21 01:15,57
2023-10-21 01:30,49
2023-10-21 01:45,34
2023-10-21 02:00,52
2023-10-21 02:15,34
2023-10-21 02:30,47
2023-10-21 02:45,25
2023-10-21 03:00,56
2023-10-21 03:15,42
2023-10-21 03:30,28
2023-10-21 03:45,41
2023-10-21 04:00,45
2023-10-21 04:15,143
2023-10-21 04:30,144
2023-10-21 04:45,143
2023-10-21 05:00,105
2023-10-21 05:15,122
2023-10-21 05:30,67
2023-10-21 05:45,96
2023-10-21 06:00,174
2023-10-21 06:15,164
2023-10-21 06:30,172
2023-10-21 06:45,166
2023-10-21 07:00,200
2023-10-21 07:15,228
2023-10-21 07:30,181
2023-10-21 07:45,146
2023-10-21 08:00,165
2023-10-21 08:15,155
2023-10-21 08:30,181
2023-10-21 08:45,218
2023-10-21 09:00,161
2023-10-21 09:15,111
2023-10-21 09:30,104
2023-10-21 09:45,134
2023-10-21 10:00,105
2023-10-21 10:15,159
2023-10-21 10:30,149
2023-10-21 10:45,131
2023-10-21 11:00,85
2023-10-21 11:15,89
2023-10-21 11:30,94
2023-10-21 11:45,111
2023-10-21 12:00,94
2023-10-21 12:15,59
2023-10-21 12:30,68
2023-10-21 12:45,76
2023-10-21 13:00,70
2023-10-21 13:15,154
2023-10-21 13:30,121
2023-10-21 13:45,146
2023-10-21 14:00,81
2023-10-21 14:15,130
2023-10-21 14:30,89
2023-10-21 14:45,95
2023-10-21 15:00,142
2023-10-21 15:15,82
2023-10-21 15:30,122
2023-10-21 15:45,104
2023-10-21 16:00,184
2023-10-21 16:15,214
2023-10-21 16:30,167
2023-10-21 16:45,199
2023-10-21 17:00,216
2023-10-21 17:15,158
2023-10-21 17:30,174
2023-10-21 17:45,220
2023-10-21 18:00,194
2023-10-21 18:15,170
2023-10-21 18:30,168
2023-10-21 18:45,151
2023-10-21 19:00,126
2023-10-21 19:15,124
2023-10-21 19:30,150
2023-10-21 19:45,124
2023-10-21 20:00,150
2023-10-21 20:15,96
2023-10-21 20:30,159
2023-10-21 20:45,95
2023-10-21 21:00,125
2023-10-21 21:15,129
2023-10-21 21:30,113
2023-10-21 21:45,146
2023-10-21 22:00,48
2023-10-21 22:15,34
2023-10-21 22:30,37
2023-10-21 22:45,56
2023-10-21 23:00,51
2023-10-21 23:15,28
2023-10-21 23:30,49
2023-10-21 23:45,28
2023-10-22 00:00,46
2023-10-22 00:15,40
2023-10-22 00:30,28
2023-10-22 00:45,46
2023-10-22 01:00,42
2023-10-22 01:15,46
2023-10-22 01:30,33
2023-10-22 01:45,32
2023-10-22 02:00,39
2023-10-22 02:15,54
2023-10-22 02:30,29
2023-10-22 02:45,54
2023-10-22 03:00,48
2023-10-22 03:15,33
2023-10-22 03:30,45
2023-10-22 03:45,50
2023-10-22 04:00,34
2023-10-22 04:15,134
2023-10-22 04:30,111
2023-10-22 04:45,144
2023-10-22 05:00,166
2023-10-22 05:15,115
2023-10-22 05:30,114
2023-10-22 05:45,102
2023-10-22 06:00,196
2023-10-22 06:15,230
2023-10-22 06:30,196
2023-10-22 06:45,203
2023-10-22 07:00,221
2023-10-22 07:15,201
2023-10-22 07:30,206
2023-10-22 07:45,186
2023-10-22 08:00,204
2023-10-22 08:15,200
2023-10-22 08:30,159
2023-10-22 08:45,216
2023-10-22 09:00,159
2023-10-22 09:15,158
2023-10-22 09:30,88
2023-10-22 09:45,73
2023-10-22 10:00,108
2023-10-22 10:15,130
2023-10-22 10:30,128
2023-10-22 10:45,106
2023-10-22 11:00,76
2023-10-22 11:15,99
2023-10-22 11:30,101
2023-10-22 11:45,81
2023-10-22 12:00,97
2023-10-22 12:15,111
2023-10-22 12:30,96
2023-10-22 12:45,75
2023-10-22 13:00,80
2023-10-22 13:15,85
2023-10-22 13:30,167
2023-10-22 13:45,149
2023-10-22 14:00,91
2023-10-22 14:15,168
2023-10-22 14:30,128
2023-10-22 14:45,107
2023-10-22 15:00,118
2023-10-22 15:15,137
2023-10-22 15:30,173
2023-10-22 15:45,110
2023-10-22 16:00,180
2023-10-22 16:15,218
2023-10-22 16:30,187
2023-10-22 16:45,213
2023-10-22 17:00,191
2023-10-22 17:15,203
2023-10-22 17:30,185
2023-10-22 17:45,234
2023-10-22 18:00,234
2023-10-22 18:15,205
2023-10-22 18:30,191
2023-10-22 18:45,146
2023-10-22 19:00,107
2023-10-22 19:15,146
2023-10-22 19:30,105
2023-10-22 19:45,135
2023-10-22 20:00,138
2023-10-22 20:15,145
2023-10-22 20:30,151
2023-10-22 20:45,124
2023-10-22 21:00,97
2023-10-22 21:15,127
2023-10-22 21:30,121
2023-10-22 21:45,131
2023-10-22 22:00,44
2023-10-22 22:15,59
2023-10-22 22:30,50
2023-10-22 22:45,57
2023-10-22 23:00,56
2023-10-22 23:15,34
2023-10-22 23:30,48
2023-10-22 23:45,51
2023-10-23 00:00,33
2023-10-23 00:15,41
2023-10-23 00:30,25
2023-10-23 00:45,41
2023-10-23 01:00,29
2023-10-23 01:15,48
2023-10-23 01:30,31
2023-10-23 01:45,30
2023-10-23 02:00,34
2023-10-23 02:15,31
2023-10-23 02:30,51
2023-10-23 02:45,32
2023-10-23 03:00,38
2023-10-23 03:15,33
2023-10-23 03:30,51
2023-10-23 03:45,55
2023-10-23 04:00,49
2023-10-23 04:15,123
2023-10-23 04:30,70
2023-10-23 04:45,98
2023-10-23 05:00,84
2023-10-23 05:15,111
2023-10-23 05:30,133
2023-10-23 05:45,155
2023-10-23 06:00,188
2023-10-23 06:15,186
2023-10-23 06:30,197
2023-10-23 06:45,171
2023-10-23 07:00,166
2023-10-23 07:15,211
2023-10-23 07:30,160
2023-10-23 07:45,194
2023-10-23 08:00,159
2023-10-23 08:15,191
2023-10-23 08:30,203
2023-10-23 08:45,169
2023-10-23 09:00,191
2023-10-23 09:15,129
2023-10-23 09:30,165
2023-10-23 09:45,106
2023-10-23 10:00,36
2023-10-23 10:15,125
2023-10-23 10:30,128
2023-10-23 10:45,141
2023-10-23 11:00,94
2023-10-23 11:15,70
2023-10-23 11:30,92
2023-10-23 11:45,92
2023-10-23 12:00,95
2023-10-23 12:15,109
2023-10-23 12:30,72
2023-10-23 12:45,85
2023-10-23 13:00,105
2023-10-23 13:15,167
2023-10-23 13:30,143
2023-10-23 13:45,85
2023-10-23 14:00,123
2023-10-23 14:15,120
2023-10-23 14:30,128
2023-10-23 14:45,163
2023-10-23 15:00,61
2023-10-23 15:15,82
2023-10-23 15:30,75
2023-10-23 15:45,111
2023-10-23 16:00,175
2023-10-23 16:15,165
2023-10-23 16:30,192
2023-10-23 16:45,184
2023-10-23 17:00,198
2023-10-23 17:15,185
2023-10-23 17:30,170
2023-10-23 17:45,177
2023-10-23 18:00,177
2023-10-23 18:15,206
2023-10-23 18:30,193
2023-10-23 18:45,95
2023-10-23 19:00,115
2023-10-23 19:15,104
2023-10-23 19:30,103
2023-10-23 19:45,164
2023-10-23 20:00,117
2023-10-23 20:15,85
2023-10-23 20:30,122
2023-10-23 20:45,154
2023-10-23 21:00,136
2023-10-23 21:15,122
2023-10-23 21:30,137
2023-10-23 21:45,158
2023-10-23 22:00,32
2023-10-23 22:15,55
2023-10-23 22:30,34
2023-10-23 22:45,31
2023-10-23 23:00,49
2023-10-23 23:15,29
2023-10-23 23:30,46
2023-10-23 23:45,52
2023-10-24 00:00,37
2023-10-24 00:15,62
2023-10-24 00:30,56
2023-10-24 00:45,43
2023-10-24 01:00,27
2023-10-24 01:15,60
2023-10-24 01:30,42
2023-10-24 01:45,46
2023-10-24 02:00,55
2023-10-24 02:15,46
2023-10-24 02:30,37
2023-10-24 02:45,40
2023-10-24 03:00,41
2023-10-24 03:15,25
2023-10-24 03:30,21
2023-10-24 03:45,58
2023-10-24 04:00,23
2023-10-24 04:15,95
2023-10-24 04:30,133
2023-10-24 04:45,116
2023-10-24 05:00,163
2023-10-24 05:15,109
2023-10-24 05:30,145
2023-10-24 05:45,101
2023-10-24 06:00,187
2023-10-24 06:15,181
2023-10-24 06:30,170
2023-10-24 06:45,185
2023-10-24 07:00,173
2023-10-24 07:15,229
2023-10-24 07:30,166
2023-10-24 07:45,139
2023-10-24 08:00,203
2023-10-24 08:15,193
2023-10-24 08:30,190
2023-10-24 08:45,163
2023-10-24 09:00,177
2023-10-24 09:15,72
2023-10-24 09:30,78
2023-10-24 09:45,84
2023-10-24 10:00,151
2023-10-24 10:15,126
2023-10-24 10:30,114
2023-10-24 10:45,119
2023-10-24 11:00,98
2023-10-24 11:15,95
2023-10-24 11:30,80
2023-10-24 11:45,103
2023-10-24 12:00,67
2023-10-24 12:15,61
2023-10-24 12:30,80
2023-10-24 12:45,81
2023-10-24 13:00,89
2023-10-24 13:15,97
2023-10-24 13:30,180
2023-10-24 13:45,114
2023-10-24 14:00,142
2023-10-24 14:15,112
2023-10-24 14:30,111
2023-10-24 14:45,60
2023-10-24 15:00,95
2023-10-24 15:15,172
2023-10-24 15:30,94
2023-10-24 15:45,131
2023-10-24 16:00,175
2023-10-24 16:15,182
2023-10-24 16:30,180
2023-10-24 16:45,153
2023-10-24 17:00,199
2023-10-24 17:15,182
2023-10-24 17:30,190
2023-10-24 17:45,203
2023-10-24 18:00,173
2023-10-24 18:15,166
2023-10-24 18:30,198
2023-10-24 18:45,134
2023-10-24 19:00,115
2023-10-24 19:15,130
2023-10-24 19:30,143
2023-10-24 19:45,147
2023-10-24 20:00,133
2023-10-24 20:15,129
2023-10-24 20:30,126
2023-10-24 20:45,101
2023-10-24 21:00,168
2023-10-24 21:15,106
2023-10-24 21:30,137
2023-10-24 21:45,161
2023-10-24 22:00,44
2023-10-24 22:15,25
2023-10-24 22:30,46
2023-10-24 22:45,49
2023-10-24 23:00,49
2023-10-24 23:15,47
2023-10-24 23:30,46
2023-10-24 23:45,39
2023-10-25 00:00,40
2023-10-25 00:15,24
2023-10-25 00:30,37
2023-10-25 00:45,47
2023-10-25 01:00,30
2023-10-25 01:15,60
2023-10-25 01:30,32
2023-10-25 01:45,62
2023-10-25 02:00,32
2023-10-25 02:15,43
2023-10-25 02:30,49
2023-10-25 02:45,50
2023-10-25 03:00,52
2023-10-25 03:15,57
2023-10-25 03:30,59
2023-10-25 03:45,55
2023-10-25 04:00,59
2023-10-25 04:15,123
2023-10-25 04:30,130
2023-10-25 04:45,157
2023-10-25 05:00,113
2023-10-25 05:15,123
2023-10-25 05:30,93
2023-10-25 05:45,90
2023-10-25 06:00,193
2023-10-25 06:15,181
2023-10-25 06:30,202
2023-10-25 06:45,195
2023-10-25 07:00,188
2023-10-25 07:15,203
2023-10-25 07:30,182
2023-10-25 07:45,144
2023-10-25 08:00,177
2023-10-25 08:15,180
2023-10-25 08:30,191
2023-10-25 08:45,182
2023-10-25 09:00,186
2023-10-25 09:15,160
2023-10-25 09:30,121
2023-10-25 09:45,99
2023-10-25 10:00,67
2023-10-25 10:15,90
2023-10-25 10:30,140
2023-10-25 10:45,88
2023-10-25 11:00,66
2023-10-25 11:15,76
2023-10-25 11:30,92
2023-10-25 11:45,110
2023-10-25 12:00,103
2023-10-25 12:15,98
2023-10-25 12:30,104
2023-10-25 12:45,59
2023-10-25 13:00,89
2023-10-25 13:15,93
2023-10-25 13:30,126
2023-10-25 13:45,77
2023-10-25 14:00,79
2023-10-25 14:15,69
2023-10-25 14:30,162
2023-10-25 14:45,172
2023-10-25 15:00,147
2023-10-25 15:15,119
2023-10-25 15:30,101
2023-10-25 15:45,144
2023-10-25 16:00,209
2023-10-25 16:15,185
2023-10-25 16:30,160
2023-10-25 16:45,210
2023-10-25 17:00,195
2023-10-25 17:15,210
2023-10-25 17:30,195
2023-10-25 17:45,162
2023-10-25 18:00,160
2023-10-25 18:15,209
2023-10-25 18:30,220
2023-10-25 18:45,124
2023-10-25 19:00,104
2023-10-25 19:15,149
2023-10-25 19:30,116
2023-10-25 19:45,100
2023-10-25 20:00,156
2023-10-25 20:15,105
2023-10-25 20:30,114
2023-10-25 20:45,100
2023-10-25 21:00,116
2023-10-25 21:15,122
2023-10-25 21:30,163
2023-10-25 21:45,157
2023-10-25 22:00,36
2023-10-25 22:15,29
2023-10-25 22:30,55
2023-10-25 22:45,47
2023-10-25 23:00,32
2023-10-25 23:15,42
2023-10-25 23:30,42
2023-10-25 23:45,51
2023-10-26 00:00,44
2023-10-26 00:15,49
2023-10-26 00:30,28
2023-10-26 00:45,47
2023-10-26 01:00,55
2023-10-26 01:15,47
2023-10-26 01:30,40
2023-10-26 01:45,31
2023-10-26 02:00,57
2023-10-26 02:15,41
2023-10-26 02:30,44
2023-10-26 02:45,55
2023-10-26 03:00,42
2023-10-26 03:15,46
2023-10-26 03:30,40
2023-10-26 03:45,54
2023-10-26 04:00,58
2023-10-26 04:15,138
2023-10-26 04:30,120
2023-10-26 04:45,94
2023-10-26 05:00,81
2023-10-26 05:15,101
2023-10-26 05:30,85
2023-10-26 05:45,91
2023-10-26 06:00,183
2023-10-26 06:15,211
2023-10-26 06:30,185
2023-10-26 06:45,197
2023-10-26 07:00,197
2023-10-26 07:15,181
2023-10-26 07:30,164
2023-10-26 07:45,186
2023-10-26 08:00,206
2023-10-26 08:15,164
2023-10-26 08:30,234
2023-10-26 08:45,191
2023-10-26 09:00,193
2023-10-26 09:15,108
2023-10-26 09:30,66
2023-10-26 09:45,118
2023-10-26 10:00,148
2023-10-26 10:15,124
2023-10-26 10:30,83
2023-10-26 10:45,58
2023-10-26 11:00,98
2023-10-26 11:15,94
2023-10-26 11:30,79
2023-10-26 11:45,81
2023-10-26 12:00,103
2023-10-26 12:15,113
2023-10-26 12:30,78
2023-10-26 12:45,81
2023-10-26 13:00,55
2023-10-26 13:15,138
2023-10-26 13:30,154
2023-10-26 13:45,95
2023-10-26 14:00,109
2023-10-26 14:15,138
2023-10-26 14:30,142
2023-10-26 14:45,133
2023-10-26 15:00,123
2023-10-26 15:15,106
2023-10-26 15:30,90
2023-10-26 15:45,64
2023-10-26 16:00,199
2023-10-26 16:15,180
2023-10-26 16:30,208
2023-10-26 16:45,172
2023-10-26 17:00,198
2023-10-26 17:15,204
2023-10-26 17:30,194
2023-10-26 17:45,202
2023-10-26 18:00,220
2023-10-26 18:15,185
2023-10-26 18:30,207
2023-10-26 18:45,134
2023-10-26 19:00,152
2023-10-26 19:15,128
2023-10-26 19:30,138
2023-10-26 19:45,140
2023-10-26 20:00,136
2023-10-26 20:15,137
2023-10-26 20:30,159
2023-10-26 20:45,150
2023-10-26 21:00,158
2023-10-26 21:15,136
2023-10-26 21:30,119
2023-10-26 21:45,163
2023-10-26 22:00,39
2023-10-26 22:15,52
2023-10-26 22:30,55
2023-10-26 22:45,36
2023-10-26 23:00,44
2023-10-26 23:15,47
2023-10-26 23:30,32
2023-10-26 23:45,33
2023-10-27 00:00,47
2023-10-27 00:15,44
2023-10-27 00:30,46
2023-10-27 00:45,34
2023-10-27 01:00,41
2023-10-27 01:15,47
2023-10-27 01:30,39
2023-10-27 01:45,30
2023-10-27 02:00,58
2023-10-27 02:15,50
2023-10-27 02:30,23
2023-10-27 02:45,51
2023-10-27 03:00,43
2023-10-27 03:15,26
2023-10-27 03:30,37
2023-10-27 03:45,44
2023-10-27 04:00,50
2023-10-27 04:15,68
2023-10-27 04:30,53
2023-10-27 04:45,107
2023-10-27 05:00,115
2023-10-27 05:15,86
2023-10-27 05:30,109
2023-10-27 05:45,114
2023-10-27 06:00,103
2023-10-27 06:15,87
2023-10-27 06:30,95
2023-10-27 06:45,106
2023-10-27 07:00,59
2023-10-27 07:15,91
2023-10-27 07:30,56
2023-10-27 07:45,83
2023-10-27 08:00,62
2023-10-27 08:15,61
2023-10-27 08:30,62
2023-10-27 08:45,81
2023-10-27 09:00,66
2023-10-27 09:15,235
2023-10-27 09:30,279
2023-10-27 09:45,216
2023-10-27 10:00,257
2023-10-27 10:15,204
2023-10-27 10:30,272
2023-10-27 10:45,238
2023-10-27 11:00,250
2023-10-27 11:15,240
2023-10-27 11:30,234
2023-10-27 11:45,226
2023-10-27 12:00,211
2023-10-27 12:15,225
2023-10-27 12:30,227
2023-10-27 12:45,227
2023-10-27 13:00,209
2023-10-27 13:15,232
2023-10-27 13:30,221
2023-10-27 13:45,233
2023-10-27 14:00,198
2023-10-27 14:15,227
2023-10-27 14:30,225
2023-10-27 14:45,221
2023-10-27 15:00,211
2023-10-27 15:15,101
2023-10-27 15:30,109
2023-10-27 15:45,105
2023-10-27 16:00,119
2023-10-27 16:15,95
2023-10-27 16:30,107
2023-10-27 16:45,119
2023-10-27 17:00,103
2023-10-27 17:15,111
2023-10-27 17:30,113
2023-10-27 17:45,127
2023-10-27 18:00,99
2023-10-27 18:15,74
2023-10-27 18:30,113
2023-10-27 18:45,112
2023-10-27 19:00,123
2023-10-27 19:15,43
2023-10-27 19:30,47
2023-10-27 19:45,32
2023-10-27 20:00,52
2023-10-27 20:15,54
2023-10-27 20:30,46
2023-10-27 20:45,67
2023-10-27 21:00,43
2023-10-27 21:15,67
2023-10-27 21:30,52
2023-10-27 21:45,34
2023-10-27 22:00,63
2023-10-27 22:15,49
2023-10-27 22:30,37
2023-10-27 22:45,34
2023-10-27 23:00,54
2023-10-27 23:15,35
2023-10-27 23:30,50
2023-10-27 23:45,29
2023-10-28 00:00,45
2023-10-28 00:15,37
2023-10-28 00:30,43
2023-10-28 00:45,46
2023-10-28 01:00,31
2023-10-28 01:15,38
2023-10-28 01:30,35
2023-10-28 01:45,53
2023-10-28 02:00,31
2023-10-28 02:15,60
2023-10-28 02:30,53
2023-10-28 02:45,57
2023-10-28 03:00,47
2023-10-28 03:15,36
2023-10-28 03:30,45
2023-10-28 03:45,43
2023-10-28 04:00,38
2023-10-28 04:15,141
2023-10-28 04:30,149
2023-10-28 04:45,140
2023-10-28 05:00,128
2023-10-28 05:15,146
2023-10-28 05:30,123
2023-10-28 05:45,97
2023-10-28 06:00,164
2023-10-28 06:15,180
2023-10-28 06:30,178
2023-10-28 06:45,183
2023-10-28 07:00,160
2023-10-28 07:15,177
2023-10-28 07:30,202
2023-10-28 07:45,176
2023-10-28 08:00,188
2023-10-28 08:15,178
2023-10-28 08:30,174
2023-10-28 08:45,161
2023-10-28 09:00,200
2023-10-28 09:15,82
2023-10-28 09:30,90
2023-10-28 09:45,116
2023-10-28 10:00,104
2023-10-28 10:15,92
2023-10-28 10:30,118
2023-10-28 10:45,55
2023-10-28 11:00,84
2023-10-28 11:15,109
2023-10-28 11:30,60
2023-10-28 11:45,90
2023-10-28 12:00,79
2023-10-28 12:15,87
2023-10-28 12:30,105
2023-10-28 12:45,93
2023-10-28 13:00,116
2023-10-28 13:15,95
2023-10-28 13:30,115
2023-10-28 13:45,176
2023-10-28 14:00,89
2023-10-28 14:15,109
2023-10-28 14:30,106
2023-10-28 14:45,128
2023-10-28 15:00,111
2023-10-28 15:15,147
2023-10-28 15:30,122
2023-10-28 15:45,113
2023-10-28 16:00,195
2023-10-28 16:15,220
2023-10-28 16:30,199
2023-10-28 16:45,155
2023-10-28 17:00,165
2023-10-28 17:15,170
2023-10-28 17:30,177
2023-10-28 17:45,197
2023-10-28 18:00,214
2023-10-28 18:15,167
2023-10-28 18:30,181
2023-10-28 18:45,94
2023-10-28 19:00,155
2023-10-28 19:15,146
2023-10-28 19:30,161
2023-10-28 19:45,124
2023-10-28 20:00,128
2023-10-28 20:15,136
2023-10-28 20:30,129
2023-10-28 20:45,152
2023-10-28 21:00,150
2023-10-28 21:15,132
2023-10-28 21:30,115
2023-10-28 21:45,138
2023-10-28 22:00,46
2023-10-28 22:15,52
2023-10-28 22:30,37
2023-10-28 22:45,46
2023-10-28 23:00,30
2023-10-28 23:15,28
2023-10-28 23:30,63
2023-10-28 23:45,37
2023-10-29 00:00,51
2023-10-29 00:15,43
2023-10-29 00:30,54
2023-10-29 00:45,51
2023-10-29 01:00,36
2023-10-29 01:15,43
2023-10-29 01:30,44
2023-10-29 01:45,47
2023-10-29 02:00,54
2023-10-29 02:15,42
2023-10-29 02:30,39
2023-10-29 02:45,34
2023-10-29 03:00,40
2023-10-29 03:15,50
2023-10-29 03:30,60
2023-10-29 03:45,38
2023-10-29 04:00,46
2023-10-29 04:15,160
2023-10-29 04:30,135
2023-10-29 04:45,79
2023-10-29 05:00,102
2023-10-29 05:15,110
2023-10-29 05:30,105
2023-10-29 05:45,153
2023-10-29 06:00,168
2023-10-29 06:15,224
2023-10-29 06:30,178
2023-10-29 06:45,177
2023-10-29 07:00,199
2023-10-29 07:15,173
2023-10-29 07:30,159
2023-10-29 07:45,162
2023-10-29 08:00,196
2023-10-29 08:15,196
2023-10-29 08:30,200
2023-10-29 08:45,204
2023-10-29 09:00,170
2023-10-29 09:15,83
2023-10-29 09:30,93
2023-10-29 09:45,103
2023-10-29 10:00,110
2023-10-29 10:15,72
2023-10-29 10:30,142
2023-10-29 10:45,135
2023-10-29 11:00,71
2023-10-29 11:15,85
2023-10-29 11:30,64
2023-10-29 11:45,64
2023-10-29 12:00,97
2023-10-29 12:15,113
2023-10-29 12:30,108
2023-10-29 12:45,114
2023-10-29 13:00,80
2023-10-29 13:15,99
2023-10-29 13:30,113
2023-10-29 13:45,139
2023-10-29 14:00,120
2023-10-29 14:15,98
2023-10-29 14:30,66
2023-10-29 14:45,60
2023-10-29 15:00,124
2023-10-29 15:15,154
2023-10-29 15:30,96
2023-10-29 15:45,142
2023-10-29 16:00,167
2023-10-29 16:15,204
2023-10-29 16:30,194
2023-10-29 16:45,207
2023-10-29 17:00,202
2023-10-29 17:15,185
2023-10-29 17:30,205
2023-10-29 17:45,183
2023-10-29 18:00,168
2023-10-29 18:15,214
2023-10-29 18:30,183
2023-10-29 18:45,95
2023-10-29 19:00,136
2023-10-29 19:15,119
2023-10-29 19:30,134
2023-10-29 19:45,133
2023-10-29 20:00,117
2023-10-29 20:15,120
2023-10-29 20:30,119
2023-10-29 20:45,132
2023-10-29 21:00,98
2023-10-29 21:15,100
2023-10-29 21:30,150
2023-10-29 21:45,128
2023-10-29 22:00,46
2023-10-29 22:15,51
2023-10-29 22:30,53
2023-10-29 22:45,28
2023-10-29 23:00,46
2023-10-29 23:15,52
2023-10-29 23:30,36
2023-10-29 23:45,29
2023-10-30 00:00,29
2023-10-30 00:15,43
2023-10-30 00:30,55
2023-10-30 00:45,36
2023-10-30 01:00,26
2023-10-30 01:15,53
2023-10-30 01:30,53
2023-10-30 01:45,54
2023-10-30 02:00,46
2023-10-30 02:15,39
2023-10-30 02:30,49
2023-10-30 02:45,31
2023-10-30 03:00,48
2023-10-30 03:15,29
2023-10-30 03:30,32
2023-10-30 03:45,45
2023-10-30 04:00,58
2023-10-30 04:15,123
2023-10-30 04:30,115
2023-10-30 04:45,116
2023-10-30 05:00,110
2023-10-30 05:15,102
2023-10-30 05:30,120
2023-10-30 05:45,128
2023-10-30 06:00,152
2023-10-30 06:15,199
2023-10-30 06:30,169
2023-10-30 06:45,160
2023-10-30 07:00,216
2023-10-30 07:15,207
2023-10-30 07:30,204
2023-10-30 07:45,213
2023-10-30 08:00,208
2023-10-30 08:15,226
2023-10-30 08:30,215
2023-10-30 08:45,201
2023-10-30 09:00,185
2023-10-30 09:15,148
2023-10-30 09:30,57
2023-10-30 09:45,88
2023-10-30 10:00,111
2023-10-30 10:15,130
2023-10-30 10:30,134
2023-10-30 10:45,55
2023-10-30 11:00,65
2023-10-30 11:15,106
2023-10-30 11:30,72
2023-10-30 11:45,65
2023-10-30 12:00,110
2023-10-30 12:15,96
2023-10-30 12:30,89
2023-10-30 12:45,74
2023-10-30 13:00,108
2023-10-30 13:15,99
2023-10-30 13:30,102
2023-10-30 13:45,97
2023-10-30 14:00,165
2023-10-30 14:15,104
2023-10-30 14:30,181
2023-10-30 14:45,133
2023-10-30 15:00,72
2023-10-30 15:15,78
2023-10-30 15:30,82
2023-10-30 15:45,142
2023-10-30 16:00,202
2023-10-30 16:15,173
2023-10-30 16:30,171
2023-10-30 16:45,217
2023-10-30 17:00,184
2023-10-30 17:15,198
2023-10-30 17:30,178
2023-10-30 17:45,173
2023-10-30 18:00,164
2023-10-30 18:15,202
2023-10-30 18:30,214
2023-10-30 18:45,146
2023-10-30 19:00,141
2023-10-30 19:15,100
2023-10-30 19:30,150
2023-10-30 19:45,112
2023-10-30 20:00,123
2023-10-30 20:15,139
2023-10-30 20:30,118
2023-10-30 20:45,120
2023-10-30 21:00,107
2023-10-30 21:15,118
2023-10-30 21:30,170
2023-10-30 21:45,112
2023-10-30 22:00,50
2023-10-30 22:15,50
2023-10-30 22:30,35
2023-10-30 22:45,56
2023-10-30 23:00,33
2023-10-30 23:15,42
2023-10-30 23:30,56
2023-10-30 23:45,48
2023-10-31 00:00,49
2023-10-31 00:15,40
2023-10-31 00:30,52
2023-10-31 00:45,32
2023-10-31 01:00,45
2023-10-31 01:15,41
2023-10-31 01:30,30
2023-10-31 01:45,47
2023-10-31 02:00,49
2023-10-31 02:15,49
2023-10-31 02:30,39
2023-10-31 02:45,32
2023-10-31 03:00,52
2023-10-31 03:15,41
2023-10-31 03:30,50
2023-10-31 03:45,35
2023-10-31 04:00,29
2023-10-31 04:15,121
2023-10-31 04:30,86
2023-10-31 04:45,135
2023-10-31 05:00,91
2023-10-31 05:15,149
2023-10-31 05:30,100
2023-10-31 05:45,132
2023-10-31 06:00,197
2023-10-31 06:15,224
2023-10-31 06:30,187
2023-10-31 06:45,183
2023-10-31 07:00,188
2023-10-31 07:15,158
2023-10-31 07:30,168
2023-10-31 07:45,199
2023-10-31 08:00,214
2023-10-31 08:15,179
2023-10-31 08:30,202
2023-10-31 08:45,160
2023-10-31 09:00,195
2023-10-31 09:15,142
2023-10-31 09:30,93
2023-10-31 09:45,132
2023-10-31 10:00,97
2023-10-31 10:15,117
2023-10-31 10:30,89
2023-10-31 10:45,103
2023-10-31 11:00,87
2023-10-31 11:15,86
2023-10-31 11:30,99
2023-10-31 11:45,77
2023-10-31 12:00,57
2023-10-31 12:15,96
2023-10-31 12:30,81
2023-10-31 12:45,112
2023-10-31 13:00,106
2023-10-31 13:15,55
2023-10-31 13:30,157
2023-10-31 13:45,105
2023-10-31 14:00,93
2023-10-31 14:15,100
2023-10-31 14:30,133
2023-10-31 14:45,109
2023-10-31 15:00,78
2023-10-31 15:15,153
2023-10-31 15:30,137
2023-10-31 15:45,89
2023-10-31 16:00,193
2023-10-31 16:15,223
2023-10-31 16:30,188
2023-10-31 16:45,239
2023-10-31 17:00,188
2023-10-31 17:15,190
2023-10-31 17:30,182
2023-10-31 17:45,223
2023-10-31 18:00,197
2023-10-31 18:15,208
2023-10-31 18:30,230
2023-10-31 18:45,123
2023-10-31 19:00,165
2023-10-31 19:15,163
2023-10-31 19:30,130
2023-10-31 19:45,150
2023-10-31 20:00,168
2023-10-31 20:15,129
2023-10-31 20:30,120
2023-10-31 20:45,157
2023-10-31 21:00,103
2023-10-31 21:15,94
2023-10-31 21:30,112
2023-10-31 21:45,112
2023-10-31 22:00,46
2023-10-31 22:15,36
2023-10-31 22:30,38
2023-10-31 22:45,56
2023-10-31 23:00,43
2023-10-31 23:15,59
2023-10-31 23:30,32
2023-10-31 23:45,45
2023-10-01 00:00,48
2023-10-01 00:15,45
2023-10-01 00:30,39
2023-10-01 00:45,33
2023-10-01 01:00,42
2023-10-01 01:15,50
2023-10-01 01:30,29
2023-10-01 01:45,36
2023-10-01 02:00,47
2023-10-01 02:15,33
2023-10-01 02:30,33
2023-10-01 02:45,46
2023-10-01 03:00,60
2023-10-01 03:15,53
2023-10-01 03:30,58
2023-10-01 03:45,27
2023-10-01 04:00,38
2023-10-01 04:15,80
2023-10-01 04:30,117
2023-10-01 04:45,131
2023-10-01 05:00,126
2023-10-01 05:15,107
2023-10-01 05:30,136
2023-10-01 05:45,115
2023-10-01 06:00,186
2023-10-01 06:15,211
2023-10-01 06:30,207
2023-10-01 06:45,170
2023-10-01 07:00,188
2023-10-01 07:15,189
2023-10-01 07:30,172
2023-10-01 07:45,189
2023-10-01 08:00,191
2023-10-01 08:15,208
2023-10-01 08:30,176
2023-10-01 08:45,228
2023-10-01 09:00,222
2023-10-01 09:15,120
2023-10-01 09:30,95
2023-10-01 09:45,115
2023-10-01 10:00,122
2023-10-01 10:15,69
2023-10-01 10:30,85
2023-10-01 10:45,92
2023-10-01 11:00,61
2023-10-01 11:15,85
2023-10-01 11:30,79
2023-10-01 11:45,78
2023-10-01 12:00,79
2023-10-01 12:15,106
2023-10-01 12:30,70
2023-10-01 12:45,79
2023-10-01 13:00,74
2023-10-01 13:15,117
2023-10-01 13:30,173
2023-10-01 13:45,165
2023-10-01 14:00,105
2023-10-01 14:15,63
2023-10-01 14:30,155
2023-10-01 14:45,163
2023-10-01 15:00,151
2023-10-01 15:15,132
2023-10-01 15:30,157
2023-10-01 15:45,71
2023-10-01 16:00,196
2023-10-01 16:15,200
2023-10-01 16:30,194
2023-10-01 16:45,186
2023-10-01 17:00,222
2023-10-01 17:15,207
2023-10-01 17:30,189
2023-10-01 17:45,191
2023-10-01 18:00,195
2023-10-01 18:15,193
2023-10-01 18:30,174
2023-10-01 18:45,126
2023-10-01 19:00,141
2023-10-01 19:15,149
2023-10-01 19:30,118
2023-10-01 19:45,148
2023-10-01 20:00,145
2023-10-01 20:15,126
2023-10-01 20:30,101
2023-10-01 20:45,142
2023-10-01 21:00,124
2023-10-01 21:15,110
2023-10-01 21:30,140
2023-10-01 21:45,127
2023-10-01 22:00,57
2023-10-01 22:15,47
2023-10-01 22:30,27
2023-10-01 22:45,37
2023-10-01 23:00,47
2023-10-01 23:15,46
2023-10-01 23:30,35
2023-10-01 23:45,33
2023-10-02 00:00,56
2023-10-02 00:15,49
2023-10-02 00:30,56
2023-10-02 00:45,38
2023-10-02 01:00,41
2023-10-02 01:15,56
2023-10-02 01:30,26
2023-10-02 01:45,27
2023-10-02 02:00,54
2023-10-02 02:15,48
2023-10-02 02:30,53
2023-10-02 02:45,57
2023-10-02 03:00,28
2023-10-02 03:15,38
2023-10-02 03:30,38
2023-10-02 03:45,35
2023-10-02 04:00,35
2023-10-02 04:15,87
2023-10-02 04:30,110
2023-10-02 04:45,155
2023-10-02 05:00,93
2023-10-02 05:15,145
2023-10-02 05:30,136
2023-10-02 05:45,129
2023-10-02 06:00,204
2023-10-02 06:15,210
2023-10-02 06:30,198
2023-10-02 06:45,204
2023-10-02 07:00,167
2023-10-02 07:15,192
2023-10-02 07:30,225
2023-10-02 07:45,170
2023-10-02 08:00,166
2023-10-02 08:15,189
2023-10-02 08:30,200
2023-10-02 08:45,150
2023-10-02 09:00,205
2023-10-02 09:15,125
2023-10-02 09:30,83
2023-10-02 09:45,76
2023-10-02 10:00,112
2023-10-02 10:15,101
2023-10-02 10:30,134
2023-10-02 10:45,70
2023-10-02 11:00,80
2023-10-02 11:15,101
2023-10-02 11:30,72
2023-10-02 11:45,94
2023-10-02 12:00,94
2023-10-02 12:15,75
2023-10-02 12:30,104
2023-10-02 12:45,88
2023-10-02 13:00,70
2023-10-02 13:15,130
2023-10-02 13:30,176
2023-10-02 13:45,134
2023-10-02 14:00,107
2023-10-02 14:15,105
2023-10-02 14:30,86
2023-10-02 14:45,80
2023-10-02 15:00,76
2023-10-02 15:15,81
2023-10-02 15:30,135
2023-10-02 15:45,155
2023-10-02 16:00,223
2023-10-02 16:15,203
2023-10-02 16:30,185
2023-10-02 16:45,173
2023-10-02 17:00,151
2023-10-02 17:15,214
2023-10-02 17:30,228
2023-10-02 17:45,203
2023-10-02 18:00,216
2023-10-02 18:15,216
2023-10-02 18:30,165
2023-10-02 18:45,152
2023-10-02 19:00,94
2023-10-02 19:15,139
2023-10-02 19:30,98
2023-10-02 19:45,136
2023-10-02 20:00,119
2023-10-02 20:15,123
2023-10-02 20:30,128
2023-10-02 20:45,166
2023-10-02 21:00,137
2023-10-02 21:15,165
2023-10-02 21:30,127
2023-10-02 21:45,103
2023-10-02 22:00,41
2023-10-02 22:15,41
2023-10-02 22:30,24
2023-10-02 22:45,40
2023-10-02 23:00,32
2023-10-02 23:15,36
2023-10-02 23:30,53
2023-10-02 23:45,38
2023-10-03 00:00,45
2023-10-03 00:15,39
2023-10-03 00:30,50
2023-10-03 00:45,30
2023-10-03 01:00,27
2023-10-03 01:15,52
2023-10-03 01:30,56
2023-10-03 01:45,42
2023-10-03 02:00,28
2023-10-03 02:15,37
2023-10-03 02:30,42
2023-10-03 02:45,48
2023-10-03 03:00,37
2023-10-03 03:15,50
2023-10-03 03:30,52
2023-10-03 03:45,33
2023-10-03 04:00,32
2023-10-03 04:15,51
2023-10-03 04:30,70
2023-10-03 04:45,105
2023-10-03 05:00,63
2023-10-03 05:15,91
2023-10-03 05:30,63
2023-10-03 05:45,80
2023-10-03 06:00,101
2023-10-03 06:15,85
2023-10-03 06:30,65
2023-10-03 06:45,116
2023-10-03 07:00,51
2023-10-03 07:15,102
2023-10-03 07:30,112
2023-10-03 07:45,81
2023-10-03 08:00,82
2023-10-03 08:15,57
2023-10-03 08:30,98
2023-10-03 08:45,94
2023-10-03 09:00,69
2023-10-03 09:15,233
2023-10-03 09:30,226
2023-10-03 09:45,265
2023-10-03 10:00,200
2023-10-03 10:15,234
2023-10-03 10:30,222
2023-10-03 10:45,207
2023-10-03 11:00,220
2023-10-03 11:15,247
2023-10-03 11:30,231
2023-10-03 11:45,237
2023-10-03 12:00,233
2023-10-03 12:15,206
2023-10-03 12:30,226
2023-10-03 12:45,201
2023-10-03 13:00,225
2023-10-03 13:15,254
2023-10-03 13:30,225
2023-10-03 13:45,219
2023-10-03 14:00,219
2023-10-03 14:15,246
2023-10-03 14:30,236
2023-10-03 14:45,212
2023-10-03 15:00,251
2023-10-03 15:15,104
2023-10-03 15:30,104
2023-10-03 15:45,84
2023-10-03 16:00,123
2023-10-03 16:15,85
2023-10-03 16:30,92
2023-10-03 16:45,111
2023-10-03 17:00,128
2023-10-03 17:15,82
2023-10-03 17:30,108
2023-10-03 17:45,104
2023-10-03 18:00,90
2023-10-03 18:15,93
2023-10-03 18:30,114
2023-10-03 18:45,124
2023-10-03 19:00,117
2023-10-03 19:15,55
2023-10-03 19:30,51
2023-10-03 19:45,47
2023-10-03 20:00,65
2023-10-03 20:15,54
2023-10-03 20:30,50
2023-10-03 20:45,61
2023-10-03 21:00,57
2023-10-03 21:15,46
2023-10-03 21:30,43
2023-10-03 21:45,44
2023-10-03 22:00,39
2023-10-03 22:15,58
2023-10-03 22:30,44
2023-10-03 22:45,41
2023-10-03 23:00,53
2023-10-03 23:15,41
2023-10-03 23:30,34
2023-10-03 23:45,58
2023-10-04 00:00,40
2023-10-04 00:15,36
2023-10-04 00:30,31
2023-10-04 00:45,40
2023-10-04 01:00,30
2023-10-04 01:15,39
2023-10-04 01:30,30
2023-10-04 01:45,43
2023-10-04 02:00,27
2023-10-04 02:15,22
2023-10-04 02:30,41
2023-10-04 02:45,27
2023-10-04 03:00,48
2023-10-04 03:15,49
2023-10-04 03:30,63
2023-10-04 03:45,51
2023-10-04 04:00,42
2023-10-04 04:15,95
2023-10-04 04:30,148
2023-10-04 04:45,143
2023-10-04 05:00,138
2023-10-04 05:15,142
2023-10-04 05:30,152
2023-10-04 05:45,113
2023-10-04 06:00,168
2023-10-04 06:15,225
2023-10-04 06:30,171
2023-10-04 06:45,188
2023-10-04 07:00,204
2023-10-04 07:15,185
2023-10-04 07:30,180
2023-10-04 07:45,186
2023-10-04 08:00,233
2023-10-04 08:15,156
2023-10-04 08:30,212
2023-10-04 08:45,171
2023-10-04 09:00,218
2023-10-04 09:15,80
2023-10-04 09:30,142
2023-10-04 09:45,125
2023-10-04 10:00,128
2023-10-04 10:15,110
2023-10-04 10:30,115
2023-10-04 10:45,122
2023-10-04 11:00,66
2023-10-04 11:15,87
2023-10-04 11:30,78
2023-10-04 11:45,80
2023-10-04 12:00,77
2023-10-04 12:15,102
2023-10-04 12:30,86
2023-10-04 12:45,93
2023-10-04 13:00,69
2023-10-04 13:15,113
2023-10-04 13:30,108
2023-10-04 13:45,185
2023-10-04 14:00,114
2023-10-04 14:15,79
2023-10-04 14:30,156
2023-10-04 14:45,121
2023-10-04 15:00,169
2023-10-04 15:15,193
2023-10-04 15:30,95
2023-10-04 15:45,140
2023-10-04 16:00,188
2023-10-04 16:15,172
2023-10-04 16:30,189
2023-10-04 16:45,180
2023-10-04 17:00,204
2023-10-04 17:15,173
2023-10-04 17:30,151
2023-10-04 17:45,237
2023-10-04 18:00,202
2023-10-04 18:15,171
2023-10-04 18:30,198
2023-10-04 18:45,136
2023-10-04 19:00,155
2023-10-04 19:15,105
2023-10-04 19:30,150
2023-10-04 19:45,132
2023-10-04 20:00,158
2023-10-04 20:15,132
2023-10-04 20:30,143
2023-10-04 20:45,127
2023-10-04 21:00,114
2023-10-04 21:15,132
2023-10-04 21:30,112
2023-10-04 21:45,162
2023-10-04 22:00,24
2023-10-04 22:15,50
2023-10-04 22:30,36
2023-10-04 22:45,37
2023-10-04 23:00,57
2023-10-04 23:15,58
2023-10-04 23:30,48
2023-10-04 23:45,35
2023-10-05 00:00,56
2023-10-05 00:15,30
2023-10-05 00:30,38
2023-10-05 00:45,52
2023-10-05 01:00,54
2023-10-05 01:15,31
2023-10-05 01:30,42
2023-10-05 01:45,49
2023-10-05 02:00,54
2023-10-05 02:15,42
2023-10-05 02:30,54
2023-10-05 02:45,33
2023-10-05 03:00,49
2023-10-05 03:15,57
2023-10-05 03:30,31
2023-10-05 03:45,49
2023-10-05 04:00,35
2023-10-05 04:15,114
2023-10-05 04:30,151
2023-10-05 04:45,88
2023-10-05 05:00,137
2023-10-05 05:15,118
2023-10-05 05:30,137
2023-10-05 05:45,104
2023-10-05 06:00,222
2023-10-05 06:15,196
2023-10-05 06:30,191
2023-10-05 06:45,167
2023-10-05 07:00,155
2023-10-05 07:15,155
2023-10-05 07:30,195
2023-10-05 07:45,172
2023-10-05 08:00,170
2023-10-05 08:15,169
2023-10-05 08:30,181
2023-10-05 08:45,213
2023-10-05 09:00,178
2023-10-05 09:15,69
2023-10-05 09:30,135
2023-10-05 09:45,104
2023-10-05 10:00,82
2023-10-05 10:15,149
2023-10-05 10:30,144
2023-10-05 10:45,72
2023-10-05 11:00,83
2023-10-05 11:15,102
2023-10-05 11:30,91
2023-10-05 11:45,101
2023-10-05 12:00,74
2023-10-05 12:15,81
2023-10-05 12:30,81
2023-10-05 12:45,61
2023-10-05 13:00,55
2023-10-05 13:15,104
2023-10-05 13:30,160
2023-10-05 13:45,177
2023-10-05 14:00,185
2023-10-05 14:15,108
2023-10-05 14:30,131
2023-10-05 14:45,118
2023-10-05 15:00,154
2023-10-05 15:15,131
2023-10-05 15:30,121
2023-10-05 15:45,96
2023-10-05 16:00,182
2023-10-05 16:15,222
2023-10-05 16:30,186
2023-10-05 16:45,207
2023-10-05 17:00,187
2023-10-05 17:15,194
2023-10-05 17:30,221
2023-10-05 17:45,163
2023-10-05 18:00,204
2023-10-05 18:15,193
2023-10-05 18:30,213
2023-10-05 18:45,135
2023-10-05 19:00,157
2023-10-05 19:15,150
2023-10-05 19:30,163
2023-10-05 19:45,149
2023-10-05 20:00,101
2023-10-05 20:15,136
2023-10-05 20:30,162
2023-10-05 20:45,157
2023-10-05 21:00,148
2023-10-05 21:15,134
2023-10-05 21:30,127
2023-10-05 21:45,154
2023-10-05 22:00,42
2023-10-05 22:15,50
2023-10-05 22:30,49
2023-10-05 22:45,45
2023-10-05 23:00,42
2023-10-05 23:15,37
2023-10-05 23:30,44
2023-10-05 23:45,40
2023-10-06 00:00,40
2023-10-06 00:15,38
2023-10-06 00:30,40
2023-10-06 00:45,43
2023-10-06 01:00,53
2023-10-06 01:15,51
2023-10-06 01:30,34
2023-10-06 01:45,47
2023-10-06 02:00,36
2023-10-06 02:15,25
2023-10-06 02:30,45
2023-10-06 02:45,32
2023-10-06 03:00,36
2023-10-06 03:15,57
2023-10-06 03:30,50
2023-10-06 03:45,44
2023-10-06 04:00,43
2023-10-06 04:15,112
2023-10-06 04:30,135
2023-10-06 04:45,132
2023-10-06 05:00,118
2023-10-06 05:15,107
2023-10-06 05:30,91
2023-10-06 05:45,111
2023-10-06 06:00,224
2023-10-06 06:15,176
2023-10-06 06:30,182
2023-10-06 06:45,191
2023-10-06 07:00,188
2023-10-06 07:15,213
2023-10-06 07:30,190
2023-10-06 07:45,198
2023-10-06 08:00,184
2023-10-06 08:15,180
2023-10-06 08:30,171
2023-10-06 08:45,208
2023-10-06 09:00,190
2023-10-06 09:15,129
2023-10-06 09:30,120
2023-10-06 09:45,73
2023-10-06 10:00,148
2023-10-06 10:15,180
2023-10-06 10:30,90
2023-10-06 10:45,108
2023-10-06 11:00,109
2023-10-06 11:15,55
2023-10-06 11:30,86
2023-10-06 11:45,61
2023-10-06 12:00,83
2023-10-06 12:15,80
2023-10-06 12:30,81
2023-10-06 12:45,71
2023-10-06 13:00,105
2023-10-06 13:15,88
2023-10-06 13:30,148
2023-10-06 13:45,78
2023-10-06 14:00,141
2023-10-06 14:15,101
2023-10-06 14:30,101
2023-10-06 14:45,126
2023-10-06 15:00,144
2023-10-06 15:15,133
2023-10-06 15:30,71
2023-10-06 15:45,119
2023-10-06 16:00,210
2023-10-06 16:15,176
2023-10-06 16:30,204
2023-10-06 16:45,210
2023-10-06 17:00,196
2023-10-06 17:15,202
2023-10-06 17:30,181
2023-10-06 17:45,199
2023-10-06 18:00,214
2023-10-06 18:15,203
2023-10-06 18:30,198
2023-10-06 18:45,108
2023-10-06 19:00,141
2023-10-06 19:15,126
2023-10-06 19:30,160
2023-10-06 19:45,93
2023-10-06 20:00,96
2023-10-06 20:15,93
2023-10-06 20:30,108
2023-10-06 20:45,126
2023-10-06 21:00,164
2023-10-06 21:15,152
2023-10-06 21:30,121
2023-10-06 21:45,136
2023-10-06 22:00,42
2023-10-06 22:15,25
2023-10-06 22:30,42
2023-10-06 22:45,61
2023-10-06 23:00,51
2023-10-06 23:15,35
2023-10-06 23:30,53
2023-10-06 23:45,57
2023-10-07 00:00,40
2023-10-07 00:15,42
2023-10-07 00:30,46
2023-10-07 00:45,34
2023-10-07 01:00,39
2023-10-07 01:15,56
2023-10-07 01:30,45
2023-10-07 01:45,38
2023-10-07 02:00,52
2023-10-07 02:15,58
2023-10-07 02:30,33
2023-10-07 02:45,49
2023-10-07 03:00,32
2023-10-07 03:15,51
2023-10-07 03:30,48
2023-10-07 03:45,52
2023-10-07 04:00,53
2023-10-07 04:15,126
2023-10-07 04:30,95
2023-10-07 04:45,116
2023-10-07 05:00,100
2023-10-07 05:15,114
2023-10-07 05:30,86
2023-10-07 05:45,149
2023-10-07 06:00,173
2023-10-07 06:15,201
2023-10-07 06:30,217
2023-10-07 06:45,191
2023-10-07 07:00,207
2023-10-07 07:15,183
2023-10-07 07:30,206
2023-10-07 07:45,170
2023-10-07 08:00,167
2023-10-07 08:15,176
2023-10-07 08:30,161
2023-10-07 08:45,223
2023-10-07 09:00,207
2023-10-07 09:15,145
2023-10-07 09:30,78
2023-10-07 09:45,90
2023-10-07 10:00,112
2023-10-07 10:15,91
2023-10-07 10:30,83
2023-10-07 10:45,142
2023-10-07 11:00,109
2023-10-07 11:15,70
2023-10-07 11:30,83
2023-10-07 11:45,76
2023-10-07 12:00,55
2023-10-07 12:15,67
2023-10-07 12:30,58
2023-10-07 12:45,111
2023-10-07 13:00,67
2023-10-07 13:15,147
2023-10-07 13:30,174
2023-10-07 13:45,173
2023-10-07 14:00,153
2023-10-07 14:15,133
2023-10-07 14:30,141
2023-10-07 14:45,171
2023-10-07 15:00,177
2023-10-07 15:15,144
2023-10-07 15:30,81
2023-10-07 15:45,176
2023-10-07 16:00,200
2023-10-07 16:15,208
2023-10-07 16:30,175
2023-10-07 16:45,195
2023-10-07 17:00,163
2023-10-07 17:15,192
2023-10-07 17:30,213
2023-10-07 17:45,176
2023-10-07 18:00,207
2023-10-07 18:15,166
2023-10-07 18:30,177
2023-10-07 18:45,104
2023-10-07 19:00,92
2023-10-07 19:15,141
2023-10-07 19:30,129
2023-10-07 19:45,115
2023-10-07 20:00,129
2023-10-07 20:15,118
2023-10-07 20:30,85
2023-10-07 20:45,116
2023-10-07 21:00,156
2023-10-07 21:15,133
2023-10-07 21:30,114
2023-10-07 21:45,137
2023-10-07 22:00,42
2023-10-07 22:15,54
2023-10-07 22:30,34
2023-10-07 22:45,45
2023-10-07 23:00,59
2023-10-07 23:15,45
2023-10-07 23:30,44
2023-10-07 23:45,43
2023-10-08 00:00,40
2023-10-08 00:15,53
2023-10-08 00:30,31
2023-10-08 00:45,34
2023-10-08 01:00,32
2023-10-08 01:15,37
2023-10-08 01:30,45
2023-10-08 01:45,32
2023-10-08 02:00,37
2023-10-08 02:15,49
2023-10-08 02:30,33
2023-10-08 02:45,27
2023-10-08 03:00,40
2023-10-08 03:15,28
2023-10-08 03:30,45
2023-10-08 03:45,54
2023-10-08 04:00,47
2023-10-08 04:15,142
2023-10-08 04:30,99
2023-10-08 04:45,147
2023-10-08 05:00,136
2023-10-08 05:15,109
2023-10-08 05:30,120
2023-10-08 05:45,140
2023-10-08 06:00,195
2023-10-08 06:15,186
2023-10-08 06:30,162
2023-10-08 06:45,186
2023-10-08 07:00,177
2023-10-08 07:15,165
2023-10-08 07:30,218
2023-10-08 07:45,191
2023-10-08 08:00,211
2023-10-08 08:15,213
2023-10-08 08:30,164
2023-10-08 08:45,187
2023-10-08 09:00,148
2023-10-08 09:15,112
2023-10-08 09:30,145
2023-10-08 09:45,83
2023-10-08 10:00,116
2023-10-08 10:15,166
2023-10-08 10:30,106
2023-10-08 10:45,141
2023-10-08 11:00,81
2023-10-08 11:15,75
2023-10-08 11:30,75
2023-10-08 11:45,66
2023-10-08 12:00,111
2023-10-08 12:15,107
2023-10-08 12:30,80
2023-10-08 12:45,100
2023-10-08 13:00,77
2023-10-08 13:15,80
2023-10-08 13:30,92
2023-10-08 13:45,152
2023-10-08 14:00,127
2023-10-08 14:15,112
2023-10-08 14:30,174
2023-10-08 14:45,86
2023-10-08 15:00,130
2023-10-08 15:15,101
2023-10-08 15:30,93
2023-10-08 15:45,113
2023-10-08 16:00,189
2023-10-08 16:15,171
2023-10-08 16:30,220
2023-10-08 16:45,221
2023-10-08 17:00,205
2023-10-08 17:15,188
2023-10-08 17:30,176
2023-10-08 17:45,214
2023-10-08 18:00,179
2023-10-08 18:15,206
2023-10-08 18:30,199
2023-10-08 18:45,91
2023-10-08 19:00,117
2023-10-08 19:15,140
2023-10-08 19:30,115
2023-10-08 19:45,150
2023-10-08 20:00,147
2023-10-08 20:15,146
2023-10-08 20:30,139
2023-10-08 20:45,154
2023-10-08 21:00,161
2023-10-08 21:15,144
2023-10-08 21:30,150
2023-10-08 21:45,158
2023-10-08 22:00,35
2023-10-08 22:15,40
2023-10-08 22:30,45
2023-10-08 22:45,55
2023-10-08 23:00,46
2023-10-08 23:15,39
2023-10-08 23:30,38
2023-10-08 23:45,29
2023-10-09 00:00,45
2023-10-09 00:15,50
2023-10-09 00:30,51
2023-10-09 00:45,42
2023-10-09 01:00,35
2023-10-09 01:15,25
2023-10-09 01:30,32
2023-10-09 01:45,47
2023-10-09 02:00,49
2023-10-09 02:15,48
2023-10-09 02:30,32
2023-10-09 02:45,44
2023-10-09 03:00,48
2023-10-09 03:15,39
2023-10-09 03:30,40
2023-10-09 03:45,42
2023-10-09 04:00,29
2023-10-09 04:15,119
2023-10-09 04:30,100
2023-10-09 04:45,120
2023-10-09 05:00,112
2023-10-09 05:15,95
2023-10-09 05:30,147
2023-10-09 05:45,127
2023-10-09 06:00,203
2023-10-09 06:15,192
2023-10-09 06:30,172
2023-10-09 06:45,166
2023-10-09 07:00,195
2023-10-09 07:15,177
2023-10-09 07:30,205
2023-10-09 07:45,198
2023-10-09 08:00,164
2023-10-09 08:15,151
2023-10-09 08:30,213
2023-10-09 08:45,192
2023-10-09 09:00,184
2023-10-09 09:15,155
2023-10-09 09:30,63
2023-10-09 09:45,68
2023-10-09 10:00,101
2023-10-09 10:15,116
2023-10-09 10:30,71
2023-10-09 10:45,175
2023-10-09 11:00,79
2023-10-09 11:15,68
2023-10-09 11:30,57
2023-10-09 11:45,100
2023-10-09 12:00,71
2023-10-09 12:15,86
2023-10-09 12:30,93
2023-10-09 12:45,80
2023-10-09 13:00,97
2023-10-09 13:15,157
2023-10-09 13:30,154
2023-10-09 13:45,142
2023-10-09 14:00,122
2023-10-09 14:15,73
2023-10-09 14:30,113
2023-10-09 14:45,96
2023-10-09 15:00,91
2023-10-09 15:15,160
2023-10-09 15:30,156
2023-10-09 15:45,155
2023-10-09 16:00,212
2023-10-09 16:15,182
2023-10-09 16:30,170
2023-10-09 16:45,171
2023-10-09 17:00,185
2023-10-09 17:15,158
2023-10-09 17:30,193
2023-10-09 17:45,206
2023-10-09 18:00,220
2023-10-09 18:15,211
2023-10-09 18:30,208
2023-10-09 18:45,164
2023-10-09 19:00,172
2023-10-09 19:15,161
2023-10-09 19:30,93
2023-10-09 19:45,151
2023-10-09 20:00,134
2023-10-09 20:15,135
2023-10-09 20:30,105
2023-10-09 20:45,90
2023-10-09 21:00,162
2023-10-09 21:15,142
2023-10-09 21:30,164
2023-10-09 21:45,149
2023-10-09 22:00,42
2023-10-09 22:15,46
2023-10-09 22:30,38
2023-10-09 22:45,56
2023-10-09 23:00,42
2023-10-09 23:15,45
2023-10-09 23:30,48
2023-10-09 23:45,33